INSERT INTO addresses (id, create_date, aolevel, global_id, region_te_code, region_te_name, region_te_typename, region_te_typename_short, areacode_omk_te, area_te_name, area_te_typename, area_te_typename_short, areacode, area_bti_code, area_name, area_typename, area_typename_short, citycode, city_bti_code, city_name, city_typename, city_typename_short, placecode, place_bti_code, place_name, place_typename, place_typename_short, plancode, plan_bti_code, plan_name, plan_typename, plan_typename_short, streetcode, street_name, street_omk_um, street_typename, street_typename_short, street_bti_code, l1_type, l1_type_short, l1_value, l2_type, l2_type_short, l2_value, l3_type, l3_type_short, l3_value, address, update_date, region_id, region_code, region_name, region_te_id, region_typename, area_te_id, area_id, city_id, place_id, plan_id, street_id) VALUES (314407, '2022-11-24 15:06:34.056000', '8', -1800, '1112', 'regionOMKTE', null, null, '2223', 'areaOMKTE', 'Фулл район', 'Шорт район', '112', '1112', 'area', 'Описание типа полностью', 'Тип коротко', '334', '334', 'city', 'Сити Фул', 'Сити шорт', '445', '445', 'place', 'Плейс Фул', 'Плейс шорт', '5556', '445', 'plan', 'План фул', 'План шорт', '5556', 'street улица', '55556', 'Улица', 'ул', '55556', null, null, '10', null, null, null, null, null, null, 'город Москва, Дом Нескольких', '2022-11-24 15:06:34.056000', 1112, null, 'Москва', '1112', null, '2223', 1112, 334, 445, 5556, 5556);
INSERT INTO addresses (id, create_date, aolevel, global_id, region_te_code, region_te_name, region_te_typename, region_te_typename_short, areacode_omk_te, area_te_name, area_te_typename, area_te_typename_short, areacode, area_bti_code, area_name, area_typename, area_typename_short, citycode, city_bti_code, city_name, city_typename, city_typename_short, placecode, place_bti_code, place_name, place_typename, place_typename_short, plancode, plan_bti_code, plan_name, plan_typename, plan_typename_short, streetcode, street_name, street_omk_um, street_typename, street_typename_short, street_bti_code, l1_type, l1_type_short, l1_value, l2_type, l2_type_short, l2_value, l3_type, l3_type_short, l3_value, address, update_date, region_id, region_code, region_name, region_te_id, region_typename, area_te_id, area_id, city_id, place_id, plan_id, street_id) VALUES (314285, '2022-11-17 11:28:27.910000', '2', -100, '1111', 'Регион ОМКТЕ', null, null, null, null, null, null, '111', '1111', 'Сведения о районе в регионе ОМКТЕ', 'Описание типа полностью', 'Тип коротко', null, null, null, null, null, null, null, null, null, null, null, null, null, null, null, null, null, null, null, null, null, null, null, null, null, null, null, null, null, null, 'город Москва, Административный округ Рандомный', '2022-11-17 11:28:27.910000', 1111, null, 'Москва', '1111', null, null, 1111, null, null, null, null);
INSERT INTO addresses (id, create_date, aolevel, global_id, region_te_code, region_te_name, region_te_typename, region_te_typename_short, areacode_omk_te, area_te_name, area_te_typename, area_te_typename_short, areacode, area_bti_code, area_name, area_typename, area_typename_short, citycode, city_bti_code, city_name, city_typename, city_typename_short, placecode, place_bti_code, place_name, place_typename, place_typename_short, plancode, plan_bti_code, plan_name, plan_typename, plan_typename_short, streetcode, street_name, street_omk_um, street_typename, street_typename_short, street_bti_code, l1_type, l1_type_short, l1_value, l2_type, l2_type_short, l2_value, l3_type, l3_type_short, l3_value, address, update_date, region_id, region_code, region_name, region_te_id, region_typename, area_te_id, area_id, city_id, place_id, plan_id, street_id) VALUES (314327, '2022-11-18 09:35:56.102000', '7', -700, '1111', 'Регион ОМКТЕ', null, null, '2222', 'Район ОМКТЕ', 'Фулл район', 'Шорт район', '111', '1111', 'Сведения о районе в регионе ОМКТЕ', 'Описание типа полностью', 'Тип коротко', '333', '333', 'Сити', 'Сити Фул', 'Сити шорт', '444', '444', 'Плэйс', 'Плейс Фул', 'Плейс шорт', '5555', '444', 'План', 'План фул', 'План шорт', '5555', 'Рандомная улица', '55555', 'Улица', 'ул', '55555', null, null, null, null, null, null, null, null, null, 'город Москва, Улица Рандомная', '2022-11-18 09:35:56.102000', 1111, null, 'Москва', '1111', null, '2222', 1111, 333, 444, 5555, 5555);
INSERT INTO addresses (id, create_date, aolevel, global_id, region_te_code, region_te_name, region_te_typename, region_te_typename_short, areacode_omk_te, area_te_name, area_te_typename, area_te_typename_short, areacode, area_bti_code, area_name, area_typename, area_typename_short, citycode, city_bti_code, city_name, city_typename, city_typename_short, placecode, place_bti_code, place_name, place_typename, place_typename_short, plancode, plan_bti_code, plan_name, plan_typename, plan_typename_short, streetcode, street_name, street_omk_um, street_typename, street_typename_short, street_bti_code, l1_type, l1_type_short, l1_value, l2_type, l2_type_short, l2_value, l3_type, l3_type_short, l3_value, address, update_date, region_id, region_code, region_name, region_te_id, region_typename, area_te_id, area_id, city_id, place_id, plan_id, street_id) VALUES (314329, '2022-11-18 11:23:35.716000', '8', -800, '1111', 'Регион ОМКТЕ', null, null, '2222', 'Район ОМКТЕ', 'Фулл район', 'Шорт район', '111', '1111', 'Сведения о районе в регионе ОМКТЕ', 'Описание типа полностью', 'Тип коротко', '333', '333', 'Сити', 'Сити Фул', 'Сити шорт', '444', '444', 'Плэйс', 'Плейс Фул', 'Плейс шорт', '5555', '444', 'План', 'План фул', 'План шорт', '5555', 'Рандомная улица', '55555', 'Улица', 'ул', '55555', null, null, '66', null, null, null, null, null, null, 'город Москва, Дом Рандомный', '2022-11-18 11:23:35.716000', 1111, null, 'Москва', '1111', null, '2222', 1111, 333, 444, 5555, 5555);
INSERT INTO addresses (id, create_date, aolevel, global_id, region_te_code, region_te_name, region_te_typename, region_te_typename_short, areacode_omk_te, area_te_name, area_te_typename, area_te_typename_short, areacode, area_bti_code, area_name, area_typename, area_typename_short, citycode, city_bti_code, city_name, city_typename, city_typename_short, placecode, place_bti_code, place_name, place_typename, place_typename_short, plancode, plan_bti_code, plan_name, plan_typename, plan_typename_short, streetcode, street_name, street_omk_um, street_typename, street_typename_short, street_bti_code, l1_type, l1_type_short, l1_value, l2_type, l2_type_short, l2_value, l3_type, l3_type_short, l3_value, address, update_date, region_id, region_code, region_name, region_te_id, region_typename, area_te_id, area_id, city_id, place_id, plan_id, street_id) VALUES (314408, '2022-11-24 15:06:34.056000', '8', -1801, '1112', 'regionOMKTE', null, null, '2223', 'areaOMKTE', 'Фулл район', 'Шорт район', '112', '1112', 'area', 'Описание типа полностью', 'Тип коротко', '334', '334', 'city', 'Сити Фул', 'Сити шорт', '445', '445', 'place', 'Плейс Фул', 'Плейс шорт', '5556', '445', 'plan', 'План фул', 'План шорт', '5556', 'street улица', '55556', 'Улица', 'ул', '55556', null, null, '11', null, null, null, null, null, null, 'город Москва, Дом Нескольких2', '2022-11-24 15:06:34.056000', 1112, null, 'Москва', '1112', null, '2223', 1112, 334, 445, 5556, 5556);
INSERT INTO addresses (id, create_date, aolevel, global_id, region_te_code, region_te_name, region_te_typename, region_te_typename_short, areacode_omk_te, area_te_name, area_te_typename, area_te_typename_short, areacode, area_bti_code, area_name, area_typename, area_typename_short, citycode, city_bti_code, city_name, city_typename, city_typename_short, placecode, place_bti_code, place_name, place_typename, place_typename_short, plancode, plan_bti_code, plan_name, plan_typename, plan_typename_short, streetcode, street_name, street_omk_um, street_typename, street_typename_short, street_bti_code, l1_type, l1_type_short, l1_value, l2_type, l2_type_short, l2_value, l3_type, l3_type_short, l3_value, address, update_date, region_id, region_code, region_name, region_te_id, region_typename, area_te_id, area_id, city_id, place_id, plan_id, street_id) VALUES (314409, '2022-11-24 15:06:34.056000', '8', -1802, '1112', 'regionOMKTE', null, null, '2223', 'areaOMKTE', 'Фулл район', 'Шорт район', '112', '1112', 'area', 'Описание типа полностью', 'Тип коротко', '334', '334', 'city', 'Сити Фул', 'Сити шорт', '445', '445', 'place', 'Плейс Фул', 'Плейс шорт', '5556', '445', 'plan', 'План фул', 'План шорт', '5556', 'street улица', '55556', 'Улица', 'ул', '55556', null, null, '12', null, null, null, null, null, null, 'город Москва, Дом Нескольких3', '2022-11-24 15:06:34.056000', 1112, null, 'Москва', '1112', null, '2223', 1112, 334, 445, 5556, 5556);
INSERT INTO addresses (id, create_date, aolevel, global_id, region_te_code, region_te_name, region_te_typename, region_te_typename_short, areacode_omk_te, area_te_name, area_te_typename, area_te_typename_short, areacode, area_bti_code, area_name, area_typename, area_typename_short, citycode, city_bti_code, city_name, city_typename, city_typename_short, placecode, place_bti_code, place_name, place_typename, place_typename_short, plancode, plan_bti_code, plan_name, plan_typename, plan_typename_short, streetcode, street_name, street_omk_um, street_typename, street_typename_short, street_bti_code, l1_type, l1_type_short, l1_value, l2_type, l2_type_short, l2_value, l3_type, l3_type_short, l3_value, address, update_date, region_id, region_code, region_name, region_te_id, region_typename, area_te_id, area_id, city_id, place_id, plan_id, street_id) VALUES (314410, '2022-11-24 15:06:34.056000', '8', -1803, '1112', 'regionOMKTE', null, null, '2223', 'areaOMKTE', 'Фулл район', 'Шорт район', '112', '1112', 'area', 'Описание типа полностью', 'Тип коротко', '334', '334', 'city', 'Сити Фул', 'Сити шорт', '445', '445', 'place', 'Плейс Фул', 'Плейс шорт', '5556', '445', 'plan', 'План фул', 'План шорт', '5556', 'street улица', '55556', 'Улица', 'ул', '55556', null, null, '13', null, null, null, null, null, null, 'город Москва, Дом Нескольких3', '2022-11-24 15:06:34.056000', 1112, null, 'Москва', '1112', null, '2223', 1112, 334, 445, 5556, 5556);
INSERT INTO addresses (id, create_date, aolevel, global_id, region_te_code, region_te_name, region_te_typename, region_te_typename_short, areacode_omk_te, area_te_name, area_te_typename, area_te_typename_short, areacode, area_bti_code, area_name, area_typename, area_typename_short, citycode, city_bti_code, city_name, city_typename, city_typename_short, placecode, place_bti_code, place_name, place_typename, place_typename_short, plancode, plan_bti_code, plan_name, plan_typename, plan_typename_short, streetcode, street_name, street_omk_um, street_typename, street_typename_short, street_bti_code, l1_type, l1_type_short, l1_value, l2_type, l2_type_short, l2_value, l3_type, l3_type_short, l3_value, address, update_date, region_id, region_code, region_name, region_te_id, region_typename, area_te_id, area_id, city_id, place_id, plan_id, street_id) VALUES (314411, '2022-11-24 15:06:34.056000', '8', -1804, '1112', 'regionOMKTE', null, null, '2223', 'areaOMKTE', 'Фулл район', 'Шорт район', '112', '1112', 'area', 'Описание типа полностью', 'Тип коротко', '334', '334', 'city', 'Сити Фул', 'Сити шорт', '445', '445', 'place', 'Плейс Фул', 'Плейс шорт', '5556', '445', 'plan', 'План фул', 'План шорт', '5556', 'street улица', '55556', 'Улица', 'ул', '55556', null, null, '14', null, null, null, null, null, null, 'город Москва, Дом Нескольких3', '2022-11-24 15:06:34.056000', 1112, null, 'Москва', '1112', null, '2223', 1112, 334, 445, 5556, 5556);

INSERT INTO address_allocation_orders (id, number, name, date, ouz, create_date, update_date, archived) VALUES (68, '2', 'Фактическое распределение территории обслуживания по состоянию на момент миграции в К2', '1970-01-01 00:00:00.000000', 'Фактическое распределение территории обслуживания по состоянию на момент миграции в К2', '2022-05-23 07:15:18.764000', '2022-05-23 07:15:18.764000', 0);


INSERT INTO areas (id, mo_id, mu_id, area_type_code, number, is_auto_assign_for_attach, description, attach_by_medical_reason, age_min, age_max, age_m_min, age_m_max, age_w_min, age_w_max, create_date, update_date, archived, area_type_profile_code) VALUES (175715882, 200001003712, 200001003712, 20, 888, 1, 'Зеленоград дет.', null, null, null, null, null, null, null, '2020-03-25 16:54:41.902369', '2020-03-25 16:54:41.902369', 0, null);

INSERT INTO mo_addresses (id, mo_id, area_type_code, order_id, reject_order_id, address_id, start_date, end_date, create_date, update_date) VALUES (1188257, 200001003712, 20, 68, null, 314285, '2022-11-21 00:00:00.000000', '2022-11-22 00:00:00.000000', '2022-11-21 16:38:24.073000', '2022-11-23 15:34:38.204000');
INSERT INTO mo_addresses (id, mo_id, area_type_code, order_id, reject_order_id, address_id, start_date, end_date, create_date, update_date) VALUES (1188313, 200001003712, 20, 68, null, 314407, '2022-11-24 00:00:00.000000', null, '2022-11-24 15:06:35.623000', null);
INSERT INTO mo_addresses (id, mo_id, area_type_code, order_id, reject_order_id, address_id, start_date, end_date, create_date, update_date) VALUES (1188314, 200001003712, 20, 68, null, 314408, '2022-11-24 00:00:00.000000', null, '2022-11-24 15:06:35.623000', null);
INSERT INTO mo_addresses (id, mo_id, area_type_code, order_id, reject_order_id, address_id, start_date, end_date, create_date, update_date) VALUES (1188315, 200001003712, 20, 68, null, 314409, '2022-11-24 00:00:00.000000', null, '2022-11-24 15:06:35.623000', null);
INSERT INTO mo_addresses (id, mo_id, area_type_code, order_id, reject_order_id, address_id, start_date, end_date, create_date, update_date) VALUES (1188316, 200001003712, 20, 68, null, 314410, '2022-11-24 00:00:00.000000', null, '2022-11-24 15:06:35.623000', null);
INSERT INTO mo_addresses (id, mo_id, area_type_code, order_id, reject_order_id, address_id, start_date, end_date, create_date, update_date) VALUES (1188317, 200001003712, 20, 68, null, 314411, '2022-11-24 00:00:00.000000', null, '2022-11-24 15:06:35.623000', null);
INSERT INTO mo_addresses (id, mo_id, area_type_code, order_id, reject_order_id, address_id, start_date, end_date, create_date, update_date) VALUES (1188311, 200001003712, 20, 68, null, 314329, '2022-11-23 00:00:00.000000', '2022-11-23 00:00:00.000000', '2022-11-23 16:48:17.531000', '2022-11-24 16:27:10.337000');
INSERT INTO mo_addresses (id, mo_id, area_type_code, order_id, reject_order_id, address_id, start_date, end_date, create_date, update_date) VALUES (1188323, 200001003712, 20, 68, null, 314329, '2022-11-24 00:00:00.000000', null, '2022-11-24 17:01:02.161000', null);
INSERT INTO mo_addresses (id, mo_id, area_type_code, order_id, reject_order_id, address_id, start_date, end_date, create_date, update_date) VALUES (1188324, 200001003712, 20, 68, null, 314327, '2022-11-24 00:00:00.000000', null, '2022-11-24 17:01:02.161000', null);
INSERT INTO mo_addresses (id, mo_id, area_type_code, order_id, reject_order_id, address_id, start_date, end_date, create_date, update_date) VALUES (1188327, 200001003712, 324, 68, null, 314329, '2022-11-25 00:00:00.000000', null, '2022-11-25 14:58:02.127000', null);

INSERT INTO area_addresses (id, mo_address_id, area_id, address_id, start_date, end_date, create_date, update_date) VALUES (743562, 1188313, 175715882, 314407, '2022-11-24 00:00:00.000000', '2022-11-24 00:00:00.000000', '2022-11-24 15:22:00.994000', '2022-11-25 14:47:52.891000');
INSERT INTO area_addresses (id, mo_address_id, area_id, address_id, start_date, end_date, create_date, update_date) VALUES (743576, 1188313, 175715882, 314407, '2022-11-25 00:00:00.000000', null, '2022-11-25 15:46:27.908000', '2022-11-25 15:46:27.908000');